id,userid,type,title,picUrl
32964888,29887529,4,小米众测上新——碳板跑鞋即将普,https://cdn.cnbj1.fds.api.mi-img.com/middle.community.vip.bkt/930e10329f4d43ff2884ebf265e985dc?f=webp
32979001,2275491290,4,年轻人的第一把客制化键盘,https://cdn.cnbj1.fds.api.mi-img.com/middle.community.vip.bkt/42bbc17dc61067b17135b54dbfd16736
32882752,163676670,4,Redmi Note 11 Pro：好看又能打的千元手机,https://cdn.cnbj1.fds.api.mi-img.com/middle.community.vip.bkt/2d34805191d4077ddd31ea9f6eb177a5
33245199,1405395857,3,,https://cdn.cnbj1.fds.api.mi-img.com/middle.community.vip.bkt/17ba568c91a4f793c2e423a07bab6961
32962338,1200057304,3,,https://cdn.cnbj1.fds.api.mi-img.com/middle.community.vip.bkt/d8d114547db3f965e81142246c46d6e9
33242029,36196930,4,冷月谈——MIUI系统进阶及技巧,https://cdn.cnbj1.fds.api.mi-img.com/middle.community.vip.bkt/9ce5769bc4681a5ab58846512eaf3398
33241514,11128687,4,【产品评测】随叫随到的温暖，智米智能GR-H电暖器体验,https://cdn.cnbj1.fds.api.mi-img.com/middle.community.vip.bkt/4a94af7567a7c3fc64785a7e82927795
33240454,1514722886,3,,https://cdn.cnbj1.fds.api.mi-img.com/middle.community.vip.bkt/744dc966fba1f3285514b0f6a6bb0638
32979001,2275491290,4,年轻人的第一把客制化键盘,https://cdn.cnbj1.fds.api.mi-img.com/middle.community.vip.bkt/42bbc17dc61067b17135b54dbfd16736
32882752,163676670,4,Redmi Note 11 Pro：好看又能打的千元手机,https://cdn.cnbj1.fds.api.mi-img.com/middle.community.vip.bkt/2d34805191d4077ddd31ea9f6eb177a5
33245199,1405395857,3,,https://cdn.cnbj1.fds.api.mi-img.com/middle.community.vip.bkt/17ba568c91a4f793c2e423a07bab6961
32962338,1200057304,3,,https://cdn.cnbj1.fds.api.mi-img.com/middle.community.vip.bkt/d8d114547db3f965e81142246c46d6e9
33242029,36196930,4,冷月谈——MIUI系统进阶及技巧,https://cdn.cnbj1.fds.api.mi-img.com/middle.community.vip.bkt/9ce5769bc4681a5ab58846512eaf3398
33241514,11128687,4,【产品评测】随叫随到的温暖，智米智能GR-H电暖器体验,https://cdn.cnbj1.fds.api.mi-img.com/middle.community.vip.bkt/4a94af7567a7c3fc64785a7e82927795
33240454,1514722886,3,,https://cdn.cnbj1.fds.api.mi-img.com/middle.community.vip.bkt/744dc966fba1f3285514b0f6a6bb0638
32882752,163676670,4,Redmi Note 11 Pro：好看又能打的千元手机,https://cdn.cnbj1.fds.api.mi-img.com/middle.community.vip.bkt/2d34805191d4077ddd31ea9f6eb177a5
33245199,1405395857,3,,https://cdn.cnbj1.fds.api.mi-img.com/middle.community.vip.bkt/17ba568c91a4f793c2e423a07bab6961
32964888,29887529,4,小米众测上新——碳板跑鞋即将普,https://cdn.cnbj1.fds.api.mi-img.com/middle.community.vip.bkt/930e10329f4d43ff2884ebf265e985dc?f=webp
32979001,2275491290,4,年轻人的第一把客制化键盘,https://cdn.cnbj1.fds.api.mi-img.com/middle.community.vip.bkt/42bbc17dc61067b17135b54dbfd16736
32882752,163676670,4,Redmi Note 11 Pro：好看又能打的千元手机,https://cdn.cnbj1.fds.api.mi-img.com/middle.community.vip.bkt/2d34805191d4077ddd31ea9f6eb177a5
33245199,1405395857,3,,https://cdn.cnbj1.fds.api.mi-img.com/middle.community.vip.bkt/17ba568c91a4f793c2e423a07bab6961
32962338,1200057304,3,,https://cdn.cnbj1.fds.api.mi-img.com/middle.community.vip.bkt/d8d114547db3f965e81142246c46d6e9
33242029,36196930,4,冷月谈——MIUI系统进阶及技巧,https://cdn.cnbj1.fds.api.mi-img.com/middle.community.vip.bkt/9ce5769bc4681a5ab58846512eaf3398
32962338,1200057304,3,,https://cdn.cnbj1.fds.api.mi-img.com/middle.community.vip.bkt/d8d114547db3f965e81142246c46d6e9
33242029,36196930,4,冷月谈——MIUI系统进阶及技巧,https://cdn.cnbj1.fds.api.mi-img.com/middle.community.vip.bkt/9ce5769bc4681a5ab58846512eaf3398
33241514,11128687,4,【产品评测】随叫随到的温暖，智米智能GR-H电暖器体验,https://cdn.cnbj1.fds.api.mi-img.com/middle.community.vip.bkt/4a94af7567a7c3fc64785a7e82927795
33240454,1514722886,3,,https://cdn.cnbj1.fds.api.mi-img.com/middle.community.vip.bkt/744dc966fba1f3285514b0f6a6bb0638
32364340,2293359588,4,刷机时会出现的问题,https://cdn.cnbj1.fds.api.mi-img.com/middle.community.vip.bkt/a33808058983d1894044aa309da3bd24
32964888,29887529,4,小米众测上新——碳板跑鞋即将普,https://cdn.cnbj1.fds.api.mi-img.com/middle.community.vip.bkt/930e10329f4d43ff2884ebf265e985dc?f=webp
32979001,2275491290,4,年轻人的第一把客制化键盘,https://cdn.cnbj1.fds.api.mi-img.com/middle.community.vip.bkt/42bbc17dc61067b17135b54dbfd16736
32882752,163676670,4,Redmi Note 11 Pro：好看又能打的千元手机,https://cdn.cnbj1.fds.api.mi-img.com/middle.community.vip.bkt/2d34805191d4077ddd31ea9f6eb177a5
33245199,1405395857,3,,https://cdn.cnbj1.fds.api.mi-img.com/middle.community.vip.bkt/17ba568c91a4f793c2e423a07bab6961
32962338,1200057304,3,,https://cdn.cnbj1.fds.api.mi-img.com/middle.community.vip.bkt/d8d114547db3f965e81142246c46d6e9
33242029,36196930,4,冷月谈——MIUI系统进阶及技巧,https://cdn.cnbj1.fds.api.mi-img.com/middle.community.vip.bkt/9ce5769bc4681a5ab58846512eaf3398
33241514,11128687,4,【产品评测】随叫随到的温暖，智米智能GR-H电暖器体验,https://cdn.cnbj1.fds.api.mi-img.com/middle.community.vip.bkt/4a94af7567a7c3fc64785a7e82927795
33240454,1514722886,3,,https://cdn.cnbj1.fds.api.mi-img.com/middle.community.vip.bkt/744dc966fba1f3285514b0f6a6bb0638
33245199,1405395857,3,,https://cdn.cnbj1.fds.api.mi-img.com/middle.community.vip.bkt/17ba568c91a4f793c2e423a07bab6961
32962338,1200057304,3,,https://cdn.cnbj1.fds.api.mi-img.com/middle.community.vip.bkt/d8d114547db3f965e81142246c46d6e9
33242029,36196930,4,冷月谈——MIUI系统进阶及技巧,https://cdn.cnbj1.fds.api.mi-img.com/middle.community.vip.bkt/9ce5769bc4681a5ab58846512eaf3398
33241514,11128687,4,【产品评测】随叫随到的温暖，智米智能GR-H电暖器体验,https://cdn.cnbj1.fds.api.mi-img.com/middle.community.vip.bkt/4a94af7567a7c3fc64785a7e82927795
33240454,1514722886,3,,https://cdn.cnbj1.fds.api.mi-img.com/middle.community.vip.bkt/744dc966fba1f3285514b0f6a6bb0638
32364340,2293359588,4,刷机时会出现的问题,https://cdn.cnbj1.fds.api.mi-img.com/middle.community.vip.bkt/a33808058983d1894044aa309da3bd24
32968541,3898113,3,,https://cdn.cnbj1.fds.api.mi-img.com/middle.community.vip.bkt/19ed8c99ad5ee80862597f37a0fa08e4
32962338,1200057304,3,,https://cdn.cnbj1.fds.api.mi-img.com/middle.community.vip.bkt/d8d114547db3f965e81142246c46d6e9
33242029,36196930,4,冷月谈——MIUI系统进阶及技巧,https://cdn.cnbj1.fds.api.mi-img.com/middle.community.vip.bkt/9ce5769bc4681a5ab58846512eaf3398
33241514,11128687,4,【产品评测】随叫随到的温暖，智米智能GR-H电暖器体验,https://cdn.cnbj1.fds.api.mi-img.com/middle.community.vip.bkt/4a94af7567a7c3fc64785a7e82927795
33240454,1514722886,3,,https://cdn.cnbj1.fds.api.mi-img.com/middle.community.vip.bkt/744dc966fba1f3285514b0f6a6bb0638
32364340,2293359588,4,刷机时会出现的问题,https://cdn.cnbj1.fds.api.mi-img.com/middle.community.vip.bkt/a33808058983d1894044aa309da3bd24
32968541,3898113,3,,https://cdn.cnbj1.fds.api.mi-img.com/middle.community.vip.bkt/19ed8c99ad5ee80862597f37a0fa08e4
32968086,3898113,4,文旅小镇|小米9,https://cdn.cnbj1.fds.api.mi-img.com/middle.community.vip.bkt/e03c8c8aacb75a4c3ef30a04887bbf09
32871852,2240388070,3,,https://cdn.cnbj1.fds.api.mi-img.com/middle.community.vip.bkt/4f87b80b771301999fe5f6c63b2d41d0
33241514,11128687,4,【产品评测】随叫随到的温暖，智米智能GR-H电暖器体验,https://cdn.cnbj1.fds.api.mi-img.com/middle.community.vip.bkt/4a94af7567a7c3fc64785a7e82927795
33240454,1514722886,3,,https://cdn.cnbj1.fds.api.mi-img.com/middle.community.vip.bkt/744dc966fba1f3285514b0f6a6bb0638
32364340,2293359588,4,刷机时会出现的问题,https://cdn.cnbj1.fds.api.mi-img.com/middle.community.vip.bkt/a33808058983d1894044aa309da3bd24
32968541,3898113,3,,https://cdn.cnbj1.fds.api.mi-img.com/middle.community.vip.bkt/19ed8c99ad5ee80862597f37a0fa08e4
32968086,3898113,4,文旅小镇|小米9,https://cdn.cnbj1.fds.api.mi-img.com/middle.community.vip.bkt/e03c8c8aacb75a4c3ef30a04887bbf09
32871852,2240388070,3,,https://cdn.cnbj1.fds.api.mi-img.com/middle.community.vip.bkt/4f87b80b771301999fe5f6c63b2d41d0
32361870,75701887,4,【小米众测】让孩子爱上思考，秦岭四宝编程积木机器人测评,https://cdn.cnbj1.fds.api.mi-img.com/middle.community.vip.bkt/e0e034a9548e86e870662b713266e45c
32871032,52043628,3,,https://cdn.cnbj1.fds.api.mi-img.com/middle.community.vip.bkt/184e8088c183314533a7b53302640854
32965861,268958949,4,MIUI12.5增强版评测之我最喜欢的两个功能,https://cdn.cnbj1.fds.api.mi-img.com/middle.community.vip.bkt/383fc30b2e3508b9ff0991d17aef9f19
32962338,1200057304,3,,https://cdn.cnbj1.fds.api.mi-img.com/middle.community.vip.bkt/d8d114547db3f965e81142246c46d6e9
33242029,36196930,4,冷月谈——MIUI系统进阶及技巧,https://cdn.cnbj1.fds.api.mi-img.com/middle.community.vip.bkt/9ce5769bc4681a5ab58846512eaf3398
33241514,11128687,4,【产品评测】随叫随到的温暖，智米智能GR-H电暖器体验,https://cdn.cnbj1.fds.api.mi-img.com/middle.community.vip.bkt/4a94af7567a7c3fc64785a7e82927795
33240454,1514722886,3,,https://cdn.cnbj1.fds.api.mi-img.com/middle.community.vip.bkt/744dc966fba1f3285514b0f6a6bb0638
32364340,2293359588,4,刷机时会出现的问题,https://cdn.cnbj1.fds.api.mi-img.com/middle.community.vip.bkt/a33808058983d1894044aa309da3bd24
32968541,3898113,3,,https://cdn.cnbj1.fds.api.mi-img.com/middle.community.vip.bkt/19ed8c99ad5ee80862597f37a0fa08e4
32968086,3898113,4,文旅小镇|小米9,https://cdn.cnbj1.fds.api.mi-img.com/middle.community.vip.bkt/e03c8c8aacb75a4c3ef30a04887bbf09
32871852,2240388070,3,,https://cdn.cnbj1.fds.api.mi-img.com/middle.community.vip.bkt/4f87b80b771301999fe5f6c63b2d41d0
33242029,36196930,4,冷月谈——MIUI系统进阶及技巧,https://cdn.cnbj1.fds.api.mi-img.com/middle.community.vip.bkt/9ce5769bc4681a5ab58846512eaf3398
33241514,11128687,4,【产品评测】随叫随到的温暖，智米智能GR-H电暖器体验,https://cdn.cnbj1.fds.api.mi-img.com/middle.community.vip.bkt/4a94af7567a7c3fc64785a7e82927795
33240454,1514722886,3,,https://cdn.cnbj1.fds.api.mi-img.com/middle.community.vip.bkt/744dc966fba1f3285514b0f6a6bb0638
32364340,2293359588,4,刷机时会出现的问题,https://cdn.cnbj1.fds.api.mi-img.com/middle.community.vip.bkt/a33808058983d1894044aa309da3bd24
32968541,3898113,3,,https://cdn.cnbj1.fds.api.mi-img.com/middle.community.vip.bkt/19ed8c99ad5ee80862597f37a0fa08e4
32968086,3898113,4,文旅小镇|小米9,https://cdn.cnbj1.fds.api.mi-img.com/middle.community.vip.bkt/e03c8c8aacb75a4c3ef30a04887bbf09
32871852,2240388070,3,,https://cdn.cnbj1.fds.api.mi-img.com/middle.community.vip.bkt/4f87b80b771301999fe5f6c63b2d41d0
32361870,75701887,4,【小米众测】让孩子爱上思考，秦岭四宝编程积木机器人测评,https://cdn.cnbj1.fds.api.mi-img.com/middle.community.vip.bkt/e0e034a9548e86e870662b713266e45c
32871032,52043628,3,,https://cdn.cnbj1.fds.api.mi-img.com/middle.community.vip.bkt/184e8088c183314533a7b53302640854
32364340,2293359588,4,刷机时会出现的问题,https://cdn.cnbj1.fds.api.mi-img.com/middle.community.vip.bkt/a33808058983d1894044aa309da3bd24
32968541,3898113,3,,https://cdn.cnbj1.fds.api.mi-img.com/middle.community.vip.bkt/19ed8c99ad5ee80862597f37a0fa08e4
32968086,3898113,4,文旅小镇|小米9,https://cdn.cnbj1.fds.api.mi-img.com/middle.community.vip.bkt/e03c8c8aacb75a4c3ef30a04887bbf09
32871852,2240388070,3,,https://cdn.cnbj1.fds.api.mi-img.com/middle.community.vip.bkt/4f87b80b771301999fe5f6c63b2d41d0
32361870,75701887,4,【小米众测】让孩子爱上思考，秦岭四宝编程积木机器人测评,https://cdn.cnbj1.fds.api.mi-img.com/middle.community.vip.bkt/e0e034a9548e86e870662b713266e45c
32871032,52043628,3,,https://cdn.cnbj1.fds.api.mi-img.com/middle.community.vip.bkt/184e8088c183314533a7b53302640854
32965861,268958949,4,MIUI12.5增强版评测之我最喜欢的两个功能,https://cdn.cnbj1.fds.api.mi-img.com/middle.community.vip.bkt/383fc30b2e3508b9ff0991d17aef9f19
32962031,905207683,3,,https://cdn.cnbj1.fds.api.mi-img.com/middle.community.vip.bkt/c14ee4efa7ffbd71aa28e31066e56da8
33240454,1514722886,3,,https://cdn.cnbj1.fds.api.mi-img.com/middle.community.vip.bkt/744dc966fba1f3285514b0f6a6bb0638
32364340,2293359588,4,刷机时会出现的问题,https://cdn.cnbj1.fds.api.mi-img.com/middle.community.vip.bkt/a33808058983d1894044aa309da3bd24
32968541,3898113,3,,https://cdn.cnbj1.fds.api.mi-img.com/middle.community.vip.bkt/19ed8c99ad5ee80862597f37a0fa08e4
32968086,3898113,4,文旅小镇|小米9,https://cdn.cnbj1.fds.api.mi-img.com/middle.community.vip.bkt/e03c8c8aacb75a4c3ef30a04887bbf09
32871852,2240388070,3,,https://cdn.cnbj1.fds.api.mi-img.com/middle.community.vip.bkt/4f87b80b771301999fe5f6c63b2d41d0
32361870,75701887,4,【小米众测】让孩子爱上思考，秦岭四宝编程积木机器人测评,https://cdn.cnbj1.fds.api.mi-img.com/middle.community.vip.bkt/e0e034a9548e86e870662b713266e45c
32871032,52043628,3,,https://cdn.cnbj1.fds.api.mi-img.com/middle.community.vip.bkt/184e8088c183314533a7b53302640854
32965861,268958949,4,MIUI12.5增强版评测之我最喜欢的两个功能,https://cdn.cnbj1.fds.api.mi-img.com/middle.community.vip.bkt/383fc30b2e3508b9ff0991d17aef9f19
32962031,905207683,3,,https://cdn.cnbj1.fds.api.mi-img.com/middle.community.vip.bkt/c14ee4efa7ffbd71aa28e31066e56da8
32364340,2293359588,4,刷机时会出现的问题,https://cdn.cnbj1.fds.api.mi-img.com/middle.community.vip.bkt/a33808058983d1894044aa309da3bd24
32968541,3898113,3,,https://cdn.cnbj1.fds.api.mi-img.com/middle.community.vip.bkt/19ed8c99ad5ee80862597f37a0fa08e4
32968086,3898113,4,文旅小镇|小米9,https://cdn.cnbj1.fds.api.mi-img.com/middle.community.vip.bkt/e03c8c8aacb75a4c3ef30a04887bbf09
32871852,2240388070,3,,https://cdn.cnbj1.fds.api.mi-img.com/middle.community.vip.bkt/4f87b80b771301999fe5f6c63b2d41d0
32361870,75701887,4,【小米众测】让孩子爱上思考，秦岭四宝编程积木机器人测评,https://cdn.cnbj1.fds.api.mi-img.com/middle.community.vip.bkt/e0e034a9548e86e870662b713266e45c
32871032,52043628,3,,https://cdn.cnbj1.fds.api.mi-img.com/middle.community.vip.bkt/184e8088c183314533a7b53302640854
32965861,268958949,4,MIUI12.5增强版评测之我最喜欢的两个功能,https://cdn.cnbj1.fds.api.mi-img.com/middle.community.vip.bkt/383fc30b2e3508b9ff0991d17aef9f19
32962031,905207683,3,,https://cdn.cnbj1.fds.api.mi-img.com/middle.community.vip.bkt/c14ee4efa7ffbd71aa28e31066e56da8
32968086,3898113,4,文旅小镇|小米9,https://cdn.cnbj1.fds.api.mi-img.com/middle.community.vip.bkt/e03c8c8aacb75a4c3ef30a04887bbf09
32871852,2240388070,3,,https://cdn.cnbj1.fds.api.mi-img.com/middle.community.vip.bkt/4f87b80b771301999fe5f6c63b2d41d0
32361870,75701887,4,【小米众测】让孩子爱上思考，秦岭四宝编程积木机器人测评,https://cdn.cnbj1.fds.api.mi-img.com/middle.community.vip.bkt/e0e034a9548e86e870662b713266e45c
32871032,52043628,3,,https://cdn.cnbj1.fds.api.mi-img.com/middle.community.vip.bkt/184e8088c183314533a7b53302640854
32965861,268958949,4,MIUI12.5增强版评测之我最喜欢的两个功能,https://cdn.cnbj1.fds.api.mi-img.com/middle.community.vip.bkt/383fc30b2e3508b9ff0991d17aef9f19
32962031,905207683,3,,https://cdn.cnbj1.fds.api.mi-img.com/middle.community.vip.bkt/c14ee4efa7ffbd71aa28e31066e56da8
32948968,1165365592,4,MIUI12.5实用功能(二),https://cdn.cnbj1.fds.api.mi-img.com/middle.community.vip.bkt/f33e7dad9eee858ae31b09f58625ebe2
32866402,1302899263,3,,https://cdn.cnbj1.fds.api.mi-img.com/middle.community.vip.bkt/ea0d8eed875c3379b09043afc2428153
32959801,2613407746,4,MIUI12.5的那些隐藏功能，都是实用技巧，你确定不看看？,https://cdn.cnbj1.fds.api.mi-img.com/middle.community.vip.bkt/bd2f84bf80cdcd56c04b99aeaedca3f9
32968541,3898113,3,,https://cdn.cnbj1.fds.api.mi-img.com/middle.community.vip.bkt/19ed8c99ad5ee80862597f37a0fa08e4
32968086,3898113,4,文旅小镇|小米9,https://cdn.cnbj1.fds.api.mi-img.com/middle.community.vip.bkt/e03c8c8aacb75a4c3ef30a04887bbf09
32871852,2240388070,3,,https://cdn.cnbj1.fds.api.mi-img.com/middle.community.vip.bkt/4f87b80b771301999fe5f6c63b2d41d0
32361870,75701887,4,【小米众测】让孩子爱上思考，秦岭四宝编程积木机器人测评,https://cdn.cnbj1.fds.api.mi-img.com/middle.community.vip.bkt/e0e034a9548e86e870662b713266e45c
32871032,52043628,3,,https://cdn.cnbj1.fds.api.mi-img.com/middle.community.vip.bkt/184e8088c183314533a7b53302640854
32965861,268958949,4,MIUI12.5增强版评测之我最喜欢的两个功能,https://cdn.cnbj1.fds.api.mi-img.com/middle.community.vip.bkt/383fc30b2e3508b9ff0991d17aef9f19
32962031,905207683,3,,https://cdn.cnbj1.fds.api.mi-img.com/middle.community.vip.bkt/c14ee4efa7ffbd71aa28e31066e56da8
32948968,1165365592,4,MIUI12.5实用功能(二),https://cdn.cnbj1.fds.api.mi-img.com/middle.community.vip.bkt/f33e7dad9eee858ae31b09f58625ebe2
32866402,1302899263,3,,https://cdn.cnbj1.fds.api.mi-img.com/middle.community.vip.bkt/ea0d8eed875c3379b09043afc2428153
32871852,2240388070,3,,https://cdn.cnbj1.fds.api.mi-img.com/middle.community.vip.bkt/4f87b80b771301999fe5f6c63b2d41d0
32361870,75701887,4,【小米众测】让孩子爱上思考，秦岭四宝编程积木机器人测评,https://cdn.cnbj1.fds.api.mi-img.com/middle.community.vip.bkt/e0e034a9548e86e870662b713266e45c
32871032,52043628,3,,https://cdn.cnbj1.fds.api.mi-img.com/middle.community.vip.bkt/184e8088c183314533a7b53302640854
32965861,268958949,4,MIUI12.5增强版评测之我最喜欢的两个功能,https://cdn.cnbj1.fds.api.mi-img.com/middle.community.vip.bkt/383fc30b2e3508b9ff0991d17aef9f19
32962031,905207683,3,,https://cdn.cnbj1.fds.api.mi-img.com/middle.community.vip.bkt/c14ee4efa7ffbd71aa28e31066e56da8
32948968,1165365592,4,MIUI12.5实用功能(二),https://cdn.cnbj1.fds.api.mi-img.com/middle.community.vip.bkt/f33e7dad9eee858ae31b09f58625ebe2
32866402,1302899263,3,,https://cdn.cnbj1.fds.api.mi-img.com/middle.community.vip.bkt/ea0d8eed875c3379b09043afc2428153
32959801,2613407746,4,MIUI12.5的那些隐藏功能，都是实用技巧，你确定不看看？,https://cdn.cnbj1.fds.api.mi-img.com/middle.community.vip.bkt/bd2f84bf80cdcd56c04b99aeaedca3f9
32947568,2441922376,3,享受,https://cdn.cnbj1.fds.api.mi-img.com/middle.community.vip.bkt/f7b59fd5bab1afbcf21e8482c83b109f
32361870,75701887,4,【小米众测】让孩子爱上思考，秦岭四宝编程积木机器人测评,https://cdn.cnbj1.fds.api.mi-img.com/middle.community.vip.bkt/e0e034a9548e86e870662b713266e45c
32871032,52043628,3,,https://cdn.cnbj1.fds.api.mi-img.com/middle.community.vip.bkt/184e8088c183314533a7b53302640854
32965861,268958949,4,MIUI12.5增强版评测之我最喜欢的两个功能,https://cdn.cnbj1.fds.api.mi-img.com/middle.community.vip.bkt/383fc30b2e3508b9ff0991d17aef9f19
32962031,905207683,3,,https://cdn.cnbj1.fds.api.mi-img.com/middle.community.vip.bkt/c14ee4efa7ffbd71aa28e31066e56da8
32948968,1165365592,4,MIUI12.5实用功能(二),https://cdn.cnbj1.fds.api.mi-img.com/middle.community.vip.bkt/f33e7dad9eee858ae31b09f58625ebe2
32866402,1302899263,3,,https://cdn.cnbj1.fds.api.mi-img.com/middle.community.vip.bkt/ea0d8eed875c3379b09043afc2428153
32959801,2613407746,4,MIUI12.5的那些隐藏功能，都是实用技巧，你确定不看看？,https://cdn.cnbj1.fds.api.mi-img.com/middle.community.vip.bkt/bd2f84bf80cdcd56c04b99aeaedca3f9
32947568,2441922376,3,享受,https://cdn.cnbj1.fds.api.mi-img.com/middle.community.vip.bkt/f7b59fd5bab1afbcf21e8482c83b109f
32871032,52043628,3,,https://cdn.cnbj1.fds.api.mi-img.com/middle.community.vip.bkt/184e8088c183314533a7b53302640854
32965861,268958949,4,MIUI12.5增强版评测之我最喜欢的两个功能,https://cdn.cnbj1.fds.api.mi-img.com/middle.community.vip.bkt/383fc30b2e3508b9ff0991d17aef9f19
32962031,905207683,3,,https://cdn.cnbj1.fds.api.mi-img.com/middle.community.vip.bkt/c14ee4efa7ffbd71aa28e31066e56da8
32948968,1165365592,4,MIUI12.5实用功能(二),https://cdn.cnbj1.fds.api.mi-img.com/middle.community.vip.bkt/f33e7dad9eee858ae31b09f58625ebe2
32866402,1302899263,3,,https://cdn.cnbj1.fds.api.mi-img.com/middle.community.vip.bkt/ea0d8eed875c3379b09043afc2428153
32959801,2613407746,4,MIUI12.5的那些隐藏功能，都是实用技巧，你确定不看看？,https://cdn.cnbj1.fds.api.mi-img.com/middle.community.vip.bkt/bd2f84bf80cdcd56c04b99aeaedca3f9
32947568,2441922376,3,享受,https://cdn.cnbj1.fds.api.mi-img.com/middle.community.vip.bkt/f7b59fd5bab1afbcf21e8482c83b109f
32865657,1491473287,3,,https://cdn.cnbj1.fds.api.mi-img.com/middle.community.vip.bkt/e09d32554d61fe54958058f2210a5c61
32962031,905207683,3,,https://cdn.cnbj1.fds.api.mi-img.com/middle.community.vip.bkt/c14ee4efa7ffbd71aa28e31066e56da8
32948968,1165365592,4,MIUI12.5实用功能(二),https://cdn.cnbj1.fds.api.mi-img.com/middle.community.vip.bkt/f33e7dad9eee858ae31b09f58625ebe2
32866402,1302899263,3,,https://cdn.cnbj1.fds.api.mi-img.com/middle.community.vip.bkt/ea0d8eed875c3379b09043afc2428153
32959801,2613407746,4,MIUI12.5的那些隐藏功能，都是实用技巧，你确定不看看？,https://cdn.cnbj1.fds.api.mi-img.com/middle.community.vip.bkt/bd2f84bf80cdcd56c04b99aeaedca3f9
32947568,2441922376,3,享受,https://cdn.cnbj1.fds.api.mi-img.com/middle.community.vip.bkt/f7b59fd5bab1afbcf21e8482c83b109f
32865657,1491473287,3,,https://cdn.cnbj1.fds.api.mi-img.com/middle.community.vip.bkt/e09d32554d61fe54958058f2210a5c61
32355755,1042702322,4,胖宫说影像：绝佳影像哪里找，相机相册来报道。,https://cdn.cnbj1.fds.api.mi-img.com/middle.community.vip.bkt/d583cad1810ca41b0fba1591cafc0aba
32355190,1405159039,3,,https://cdn.cnbj1.fds.api.mi-img.com/middle.community.vip.bkt/5c8e81a380ccb12225984e09327a9ec4?f=webp
32965861,268958949,4,MIUI12.5增强版评测之我最喜欢的两个功能,https://cdn.cnbj1.fds.api.mi-img.com/middle.community.vip.bkt/383fc30b2e3508b9ff0991d17aef9f19
32962031,905207683,3,,https://cdn.cnbj1.fds.api.mi-img.com/middle.community.vip.bkt/c14ee4efa7ffbd71aa28e31066e56da8
32948968,1165365592,4,MIUI12.5实用功能(二),https://cdn.cnbj1.fds.api.mi-img.com/middle.community.vip.bkt/f33e7dad9eee858ae31b09f58625ebe2
32866402,1302899263,3,,https://cdn.cnbj1.fds.api.mi-img.com/middle.community.vip.bkt/ea0d8eed875c3379b09043afc2428153
32959801,2613407746,4,MIUI12.5的那些隐藏功能，都是实用技巧，你确定不看看？,https://cdn.cnbj1.fds.api.mi-img.com/middle.community.vip.bkt/bd2f84bf80cdcd56c04b99aeaedca3f9
32947568,2441922376,3,享受,https://cdn.cnbj1.fds.api.mi-img.com/middle.community.vip.bkt/f7b59fd5bab1afbcf21e8482c83b109f
32865657,1491473287,3,,https://cdn.cnbj1.fds.api.mi-img.com/middle.community.vip.bkt/e09d32554d61fe54958058f2210a5c61
32355755,1042702322,4,胖宫说影像：绝佳影像哪里找，相机相册来报道。,https://cdn.cnbj1.fds.api.mi-img.com/middle.community.vip.bkt/d583cad1810ca41b0fba1591cafc0aba
32948968,1165365592,4,MIUI12.5实用功能(二),https://cdn.cnbj1.fds.api.mi-img.com/middle.community.vip.bkt/f33e7dad9eee858ae31b09f58625ebe2
32866402,1302899263,3,,https://cdn.cnbj1.fds.api.mi-img.com/middle.community.vip.bkt/ea0d8eed875c3379b09043afc2428153
32959801,2613407746,4,MIUI12.5的那些隐藏功能，都是实用技巧，你确定不看看？,https://cdn.cnbj1.fds.api.mi-img.com/middle.community.vip.bkt/bd2f84bf80cdcd56c04b99aeaedca3f9
32947568,2441922376,3,享受,https://cdn.cnbj1.fds.api.mi-img.com/middle.community.vip.bkt/f7b59fd5bab1afbcf21e8482c83b109f
32865657,1491473287,3,,https://cdn.cnbj1.fds.api.mi-img.com/middle.community.vip.bkt/e09d32554d61fe54958058f2210a5c61
32355755,1042702322,4,胖宫说影像：绝佳影像哪里找，相机相册来报道。,https://cdn.cnbj1.fds.api.mi-img.com/middle.community.vip.bkt/d583cad1810ca41b0fba1591cafc0aba
32355190,1405159039,3,,https://cdn.cnbj1.fds.api.mi-img.com/middle.community.vip.bkt/5c8e81a380ccb12225984e09327a9ec4?f=webp
33224329,1014983052,3,,https://cdn.cnbj1.fds.api.mi-img.com/middle.community.vip.bkt/815c7c7c3fa78ca522021105c9e0f080
32948968,1165365592,4,MIUI12.5实用功能(二),https://cdn.cnbj1.fds.api.mi-img.com/middle.community.vip.bkt/f33e7dad9eee858ae31b09f58625ebe2
32866402,1302899263,3,,https://cdn.cnbj1.fds.api.mi-img.com/middle.community.vip.bkt/ea0d8eed875c3379b09043afc2428153
32959801,2613407746,4,MIUI12.5的那些隐藏功能，都是实用技巧，你确定不看看？,https://cdn.cnbj1.fds.api.mi-img.com/middle.community.vip.bkt/bd2f84bf80cdcd56c04b99aeaedca3f9
32947568,2441922376,3,享受,https://cdn.cnbj1.fds.api.mi-img.com/middle.community.vip.bkt/f7b59fd5bab1afbcf21e8482c83b109f
32865657,1491473287,3,,https://cdn.cnbj1.fds.api.mi-img.com/middle.community.vip.bkt/e09d32554d61fe54958058f2210a5c61
32355755,1042702322,4,胖宫说影像：绝佳影像哪里找，相机相册来报道。,https://cdn.cnbj1.fds.api.mi-img.com/middle.community.vip.bkt/d583cad1810ca41b0fba1591cafc0aba
32355190,1405159039,3,,https://cdn.cnbj1.fds.api.mi-img.com/middle.community.vip.bkt/5c8e81a380ccb12225984e09327a9ec4?f=webp
33224329,1014983052,3,,https://cdn.cnbj1.fds.api.mi-img.com/middle.community.vip.bkt/815c7c7c3fa78ca522021105c9e0f080
32957961,94135933,4,"【小米众测】米兔手表5PRO, 12重定位守护真省心",https://cdn.cnbj1.fds.api.mi-img.com/middle.community.vip.bkt/2076ac705ad8fab7526600a812bc2d29
32947568,2441922376,3,享受,https://cdn.cnbj1.fds.api.mi-img.com/middle.community.vip.bkt/f7b59fd5bab1afbcf21e8482c83b109f
32865657,1491473287,3,,https://cdn.cnbj1.fds.api.mi-img.com/middle.community.vip.bkt/e09d32554d61fe54958058f2210a5c61
32355755,1042702322,4,胖宫说影像：绝佳影像哪里找，相机相册来报道。,https://cdn.cnbj1.fds.api.mi-img.com/middle.community.vip.bkt/d583cad1810ca41b0fba1591cafc0aba
32355190,1405159039,3,,https://cdn.cnbj1.fds.api.mi-img.com/middle.community.vip.bkt/5c8e81a380ccb12225984e09327a9ec4?f=webp
33224329,1014983052,3,,https://cdn.cnbj1.fds.api.mi-img.com/middle.community.vip.bkt/815c7c7c3fa78ca522021105c9e0f080
32957961,94135933,4,"【小米众测】米兔手表5PRO, 12重定位守护真省心",https://cdn.cnbj1.fds.api.mi-img.com/middle.community.vip.bkt/2076ac705ad8fab7526600a812bc2d29
33222879,123981828,4,小雪节气主题壁纸强势来袭,https://cdn.cnbj1.fds.api.mi-img.com/middle.community.vip.bkt/c16ef29070573b4203175ed3cb44c294
32944093,2272860649,4,【小米众测】黑加强势回归！自定义短视频表盘的颜值小方盘~,https://cdn.cnbj1.fds.api.mi-img.com/middle.community.vip.bkt/5c31957594fff78255ea2decdcfcc403
32866402,1302899263,3,,https://cdn.cnbj1.fds.api.mi-img.com/middle.community.vip.bkt/ea0d8eed875c3379b09043afc2428153
32959801,2613407746,4,MIUI12.5的那些隐藏功能，都是实用技巧，你确定不看看？,https://cdn.cnbj1.fds.api.mi-img.com/middle.community.vip.bkt/bd2f84bf80cdcd56c04b99aeaedca3f9
32947568,2441922376,3,享受,https://cdn.cnbj1.fds.api.mi-img.com/middle.community.vip.bkt/f7b59fd5bab1afbcf21e8482c83b109f
32865657,1491473287,3,,https://cdn.cnbj1.fds.api.mi-img.com/middle.community.vip.bkt/e09d32554d61fe54958058f2210a5c61
32355755,1042702322,4,胖宫说影像：绝佳影像哪里找，相机相册来报道。,https://cdn.cnbj1.fds.api.mi-img.com/middle.community.vip.bkt/d583cad1810ca41b0fba1591cafc0aba
32355190,1405159039,3,,https://cdn.cnbj1.fds.api.mi-img.com/middle.community.vip.bkt/5c8e81a380ccb12225984e09327a9ec4?f=webp
33224329,1014983052,3,,https://cdn.cnbj1.fds.api.mi-img.com/middle.community.vip.bkt/815c7c7c3fa78ca522021105c9e0f080
32957961,94135933,4,"【小米众测】米兔手表5PRO, 12重定位守护真省心",https://cdn.cnbj1.fds.api.mi-img.com/middle.community.vip.bkt/2076ac705ad8fab7526600a812bc2d29
32959801,2613407746,4,MIUI12.5的那些隐藏功能，都是实用技巧，你确定不看看？,https://cdn.cnbj1.fds.api.mi-img.com/middle.community.vip.bkt/bd2f84bf80cdcd56c04b99aeaedca3f9
32947568,2441922376,3,享受,https://cdn.cnbj1.fds.api.mi-img.com/middle.community.vip.bkt/f7b59fd5bab1afbcf21e8482c83b109f
32865657,1491473287,3,,https://cdn.cnbj1.fds.api.mi-img.com/middle.community.vip.bkt/e09d32554d61fe54958058f2210a5c61
32355755,1042702322,4,胖宫说影像：绝佳影像哪里找，相机相册来报道。,https://cdn.cnbj1.fds.api.mi-img.com/middle.community.vip.bkt/d583cad1810ca41b0fba1591cafc0aba
32355190,1405159039,3,,https://cdn.cnbj1.fds.api.mi-img.com/middle.community.vip.bkt/5c8e81a380ccb12225984e09327a9ec4?f=webp
33224329,1014983052,3,,https://cdn.cnbj1.fds.api.mi-img.com/middle.community.vip.bkt/815c7c7c3fa78ca522021105c9e0f080
32957961,94135933,4,"【小米众测】米兔手表5PRO, 12重定位守护真省心",https://cdn.cnbj1.fds.api.mi-img.com/middle.community.vip.bkt/2076ac705ad8fab7526600a812bc2d29
33222879,123981828,4,小雪节气主题壁纸强势来袭,https://cdn.cnbj1.fds.api.mi-img.com/middle.community.vip.bkt/c16ef29070573b4203175ed3cb44c294
32944093,2272860649,4,【小米众测】黑加强势回归！自定义短视频表盘的颜值小方盘~,https://cdn.cnbj1.fds.api.mi-img.com/middle.community.vip.bkt/5c31957594fff78255ea2decdcfcc403
32865657,1491473287,3,,https://cdn.cnbj1.fds.api.mi-img.com/middle.community.vip.bkt/e09d32554d61fe54958058f2210a5c61
32355755,1042702322,4,胖宫说影像：绝佳影像哪里找，相机相册来报道。,https://cdn.cnbj1.fds.api.mi-img.com/middle.community.vip.bkt/d583cad1810ca41b0fba1591cafc0aba
32355190,1405159039,3,,https://cdn.cnbj1.fds.api.mi-img.com/middle.community.vip.bkt/5c8e81a380ccb12225984e09327a9ec4?f=webp
33224329,1014983052,3,,https://cdn.cnbj1.fds.api.mi-img.com/middle.community.vip.bkt/815c7c7c3fa78ca522021105c9e0f080
32957961,94135933,4,"【小米众测】米兔手表5PRO, 12重定位守护真省心",https://cdn.cnbj1.fds.api.mi-img.com/middle.community.vip.bkt/2076ac705ad8fab7526600a812bc2d29
33222879,123981828,4,小雪节气主题壁纸强势来袭,https://cdn.cnbj1.fds.api.mi-img.com/middle.community.vip.bkt/c16ef29070573b4203175ed3cb44c294
32944093,2272860649,4,【小米众测】黑加强势回归！自定义短视频表盘的颜值小方盘~,https://cdn.cnbj1.fds.api.mi-img.com/middle.community.vip.bkt/5c31957594fff78255ea2decdcfcc403
33222604,2293359588,4,TWRP功能与卡刷,https://cdn.cnbj1.fds.api.mi-img.com/middle.community.vip.bkt/fe6b7fafc46e34f2871539c73b03418d
32943328,996846823,4,Z周更新了什么:第72期智能工具箱支持AI字幕＆添加双开应用,https://cdn.cnbj1.fds.api.mi-img.com/middle.community.vip.bkt/2268250975126a8051aaea3fa8f4b286
32865657,1491473287,3,,https://cdn.cnbj1.fds.api.mi-img.com/middle.community.vip.bkt/e09d32554d61fe54958058f2210a5c61
32355755,1042702322,4,胖宫说影像：绝佳影像哪里找，相机相册来报道。,https://cdn.cnbj1.fds.api.mi-img.com/middle.community.vip.bkt/d583cad1810ca41b0fba1591cafc0aba
32355190,1405159039,3,,https://cdn.cnbj1.fds.api.mi-img.com/middle.community.vip.bkt/5c8e81a380ccb12225984e09327a9ec4?f=webp
33224329,1014983052,3,,https://cdn.cnbj1.fds.api.mi-img.com/middle.community.vip.bkt/815c7c7c3fa78ca522021105c9e0f080
32957961,94135933,4,"【小米众测】米兔手表5PRO, 12重定位守护真省心",https://cdn.cnbj1.fds.api.mi-img.com/middle.community.vip.bkt/2076ac705ad8fab7526600a812bc2d29
33222879,123981828,4,小雪节气主题壁纸强势来袭,https://cdn.cnbj1.fds.api.mi-img.com/middle.community.vip.bkt/c16ef29070573b4203175ed3cb44c294
32944093,2272860649,4,【小米众测】黑加强势回归！自定义短视频表盘的颜值小方盘~,https://cdn.cnbj1.fds.api.mi-img.com/middle.community.vip.bkt/5c31957594fff78255ea2decdcfcc403
33222604,2293359588,4,TWRP功能与卡刷,https://cdn.cnbj1.fds.api.mi-img.com/middle.community.vip.bkt/fe6b7fafc46e34f2871539c73b03418d
32943328,996846823,4,Z周更新了什么:第72期智能工具箱支持AI字幕＆添加双开应用,https://cdn.cnbj1.fds.api.mi-img.com/middle.community.vip.bkt/2268250975126a8051aaea3fa8f4b286
33221939,956640960,3,,https://cdn.cnbj1.fds.api.mi-img.com/middle.community.vip.bkt/87a2ad7d3226fa583b75b5b9a7c2a0f2?f=webp
32355755,1042702322,4,胖宫说影像：绝佳影像哪里找，相机相册来报道。,https://cdn.cnbj1.fds.api.mi-img.com/middle.community.vip.bkt/d583cad1810ca41b0fba1591cafc0aba
32355190,1405159039,3,,https://cdn.cnbj1.fds.api.mi-img.com/middle.community.vip.bkt/5c8e81a380ccb12225984e09327a9ec4?f=webp
33224329,1014983052,3,,https://cdn.cnbj1.fds.api.mi-img.com/middle.community.vip.bkt/815c7c7c3fa78ca522021105c9e0f080
32957961,94135933,4,"【小米众测】米兔手表5PRO, 12重定位守护真省心",https://cdn.cnbj1.fds.api.mi-img.com/middle.community.vip.bkt/2076ac705ad8fab7526600a812bc2d29
33222879,123981828,4,小雪节气主题壁纸强势来袭,https://cdn.cnbj1.fds.api.mi-img.com/middle.community.vip.bkt/c16ef29070573b4203175ed3cb44c294
32944093,2272860649,4,【小米众测】黑加强势回归！自定义短视频表盘的颜值小方盘~,https://cdn.cnbj1.fds.api.mi-img.com/middle.community.vip.bkt/5c31957594fff78255ea2decdcfcc403
33222604,2293359588,4,TWRP功能与卡刷,https://cdn.cnbj1.fds.api.mi-img.com/middle.community.vip.bkt/fe6b7fafc46e34f2871539c73b03418d
32943328,996846823,4,Z周更新了什么:第72期智能工具箱支持AI字幕＆添加双开应用,https://cdn.cnbj1.fds.api.mi-img.com/middle.community.vip.bkt/2268250975126a8051aaea3fa8f4b286
33221939,956640960,3,,https://cdn.cnbj1.fds.api.mi-img.com/middle.community.vip.bkt/87a2ad7d3226fa583b75b5b9a7c2a0f2?f=webp
32957961,94135933,4,"【小米众测】米兔手表5PRO, 12重定位守护真省心",https://cdn.cnbj1.fds.api.mi-img.com/middle.community.vip.bkt/2076ac705ad8fab7526600a812bc2d29
33222879,123981828,4,小雪节气主题壁纸强势来袭,https://cdn.cnbj1.fds.api.mi-img.com/middle.community.vip.bkt/c16ef29070573b4203175ed3cb44c294
32944093,2272860649,4,【小米众测】黑加强势回归！自定义短视频表盘的颜值小方盘~,https://cdn.cnbj1.fds.api.mi-img.com/middle.community.vip.bkt/5c31957594fff78255ea2decdcfcc403
33222604,2293359588,4,TWRP功能与卡刷,https://cdn.cnbj1.fds.api.mi-img.com/middle.community.vip.bkt/fe6b7fafc46e34f2871539c73b03418d
32943328,996846823,4,Z周更新了什么:第72期智能工具箱支持AI字幕＆添加双开应用,https://cdn.cnbj1.fds.api.mi-img.com/middle.community.vip.bkt/2268250975126a8051aaea3fa8f4b286
33221939,956640960,3,,https://cdn.cnbj1.fds.api.mi-img.com/middle.community.vip.bkt/87a2ad7d3226fa583b75b5b9a7c2a0f2?f=webp
32862507,1036062608,4,MIUI 12.5中的好用功能,https://cdn.cnbj1.fds.api.mi-img.com/middle.community.vip.bkt/64a87d639a9656baeddd0d990d95f049
32942718,899815675,4,本次更新了小爱同学、文件管理、小米笔记等几项的更新!,https://cdn.cnbj1.fds.api.mi-img.com/middle.community.vip.bkt/6a576549714eb2da412956ac776d24c5
32861527,103944560,4,MIUI版本更新动态：视频工具箱增加AI字幕（第117期）,https://cdn.cnbj1.fds.api.mi-img.com/middle.community.vip.bkt/392b036fe42ebc0448035cfc157ad60d
32953081,982246921,4,“反馈无用论”是真的吗？&MIUI的参与感,https://cdn.cnbj1.fds.api.mi-img.com/middle.community.vip.bkt/c7618148933162997ed86156f740e9b0
32355190,1405159039,3,,https://cdn.cnbj1.fds.api.mi-img.com/middle.community.vip.bkt/5c8e81a380ccb12225984e09327a9ec4?f=webp
33224329,1014983052,3,,https://cdn.cnbj1.fds.api.mi-img.com/middle.community.vip.bkt/815c7c7c3fa78ca522021105c9e0f080
32957961,94135933,4,"【小米众测】米兔手表5PRO, 12重定位守护真省心",https://cdn.cnbj1.fds.api.mi-img.com/middle.community.vip.bkt/2076ac705ad8fab7526600a812bc2d29
33222879,123981828,4,小雪节气主题壁纸强势来袭,https://cdn.cnbj1.fds.api.mi-img.com/middle.community.vip.bkt/c16ef29070573b4203175ed3cb44c294
32944093,2272860649,4,【小米众测】黑加强势回归！自定义短视频表盘的颜值小方盘~,https://cdn.cnbj1.fds.api.mi-img.com/middle.community.vip.bkt/5c31957594fff78255ea2decdcfcc403
33222604,2293359588,4,TWRP功能与卡刷,https://cdn.cnbj1.fds.api.mi-img.com/middle.community.vip.bkt/fe6b7fafc46e34f2871539c73b03418d
32943328,996846823,4,Z周更新了什么:第72期智能工具箱支持AI字幕＆添加双开应用,https://cdn.cnbj1.fds.api.mi-img.com/middle.community.vip.bkt/2268250975126a8051aaea3fa8f4b286
33221939,956640960,3,,https://cdn.cnbj1.fds.api.mi-img.com/middle.community.vip.bkt/87a2ad7d3226fa583b75b5b9a7c2a0f2?f=webp
32862507,1036062608,4,MIUI 12.5中的好用功能,https://cdn.cnbj1.fds.api.mi-img.com/middle.community.vip.bkt/64a87d639a9656baeddd0d990d95f049
32942718,899815675,4,本次更新了小爱同学、文件管理、小米笔记等几项的更新!,https://cdn.cnbj1.fds.api.mi-img.com/middle.community.vip.bkt/6a576549714eb2da412956ac776d24c5
33224329,1014983052,3,,https://cdn.cnbj1.fds.api.mi-img.com/middle.community.vip.bkt/815c7c7c3fa78ca522021105c9e0f080
32957961,94135933,4,"【小米众测】米兔手表5PRO, 12重定位守护真省心",https://cdn.cnbj1.fds.api.mi-img.com/middle.community.vip.bkt/2076ac705ad8fab7526600a812bc2d29
33222879,123981828,4,小雪节气主题壁纸强势来袭,https://cdn.cnbj1.fds.api.mi-img.com/middle.community.vip.bkt/c16ef29070573b4203175ed3cb44c294
32944093,2272860649,4,【小米众测】黑加强势回归！自定义短视频表盘的颜值小方盘~,https://cdn.cnbj1.fds.api.mi-img.com/middle.community.vip.bkt/5c31957594fff78255ea2decdcfcc403
33222604,2293359588,4,TWRP功能与卡刷,https://cdn.cnbj1.fds.api.mi-img.com/middle.community.vip.bkt/fe6b7fafc46e34f2871539c73b03418d
32943328,996846823,4,Z周更新了什么:第72期智能工具箱支持AI字幕＆添加双开应用,https://cdn.cnbj1.fds.api.mi-img.com/middle.community.vip.bkt/2268250975126a8051aaea3fa8f4b286
33221939,956640960,3,,https://cdn.cnbj1.fds.api.mi-img.com/middle.community.vip.bkt/87a2ad7d3226fa583b75b5b9a7c2a0f2?f=webp
32862507,1036062608,4,MIUI 12.5中的好用功能,https://cdn.cnbj1.fds.api.mi-img.com/middle.community.vip.bkt/64a87d639a9656baeddd0d990d95f049
32942718,899815675,4,本次更新了小爱同学、文件管理、小米笔记等几项的更新!,https://cdn.cnbj1.fds.api.mi-img.com/middle.community.vip.bkt/6a576549714eb2da412956ac776d24c5
32861527,103944560,4,MIUI版本更新动态：视频工具箱增加AI字幕（第117期）,https://cdn.cnbj1.fds.api.mi-img.com/middle.community.vip.bkt/392b036fe42ebc0448035cfc157ad60d
33222604,2293359588,4,TWRP功能与卡刷,https://cdn.cnbj1.fds.api.mi-img.com/middle.community.vip.bkt/fe6b7fafc46e34f2871539c73b03418d
32943328,996846823,4,Z周更新了什么:第72期智能工具箱支持AI字幕＆添加双开应用,https://cdn.cnbj1.fds.api.mi-img.com/middle.community.vip.bkt/2268250975126a8051aaea3fa8f4b286
33221939,956640960,3,,https://cdn.cnbj1.fds.api.mi-img.com/middle.community.vip.bkt/87a2ad7d3226fa583b75b5b9a7c2a0f2?f=webp
32862507,1036062608,4,MIUI 12.5中的好用功能,https://cdn.cnbj1.fds.api.mi-img.com/middle.community.vip.bkt/64a87d639a9656baeddd0d990d95f049
32942718,899815675,4,本次更新了小爱同学、文件管理、小米笔记等几项的更新!,https://cdn.cnbj1.fds.api.mi-img.com/middle.community.vip.bkt/6a576549714eb2da412956ac776d24c5
32861527,103944560,4,MIUI版本更新动态：视频工具箱增加AI字幕（第117期）,https://cdn.cnbj1.fds.api.mi-img.com/middle.community.vip.bkt/392b036fe42ebc0448035cfc157ad60d
32953081,982246921,4,“反馈无用论”是真的吗？&MIUI的参与感,https://cdn.cnbj1.fds.api.mi-img.com/middle.community.vip.bkt/c7618148933162997ed86156f740e9b0
32952216,845436462,3,#用Ultra记录生活,https://cdn.cnbj1.fds.api.mi-img.com/middle.community.vip.bkt/d9009b10876a6c3e859f5151849562d5
33217204,176277616,4,焕醒手动剃须刀，让你爱上手动剃须！,https://cdn.cnbj1.fds.api.mi-img.com/middle.community.vip.bkt/f1b7268dcfd1567aa5c24b823deeb220
32349540,156593539,4,6麦降噪 魔浪HiFiPods圈铁真无线蓝牙耳机,https://cdn.cnbj1.fds.api.mi-img.com/middle.community.vip.bkt/a768469def70930843e198e780b3f401
33222879,123981828,4,小雪节气主题壁纸强势来袭,https://cdn.cnbj1.fds.api.mi-img.com/middle.community.vip.bkt/c16ef29070573b4203175ed3cb44c294
32944093,2272860649,4,【小米众测】黑加强势回归！自定义短视频表盘的颜值小方盘~,https://cdn.cnbj1.fds.api.mi-img.com/middle.community.vip.bkt/5c31957594fff78255ea2decdcfcc403
33222604,2293359588,4,TWRP功能与卡刷,https://cdn.cnbj1.fds.api.mi-img.com/middle.community.vip.bkt/fe6b7fafc46e34f2871539c73b03418d
32943328,996846823,4,Z周更新了什么:第72期智能工具箱支持AI字幕＆添加双开应用,https://cdn.cnbj1.fds.api.mi-img.com/middle.community.vip.bkt/2268250975126a8051aaea3fa8f4b286
33221939,956640960,3,,https://cdn.cnbj1.fds.api.mi-img.com/middle.community.vip.bkt/87a2ad7d3226fa583b75b5b9a7c2a0f2?f=webp
32862507,1036062608,4,MIUI 12.5中的好用功能,https://cdn.cnbj1.fds.api.mi-img.com/middle.community.vip.bkt/64a87d639a9656baeddd0d990d95f049
32942718,899815675,4,本次更新了小爱同学、文件管理、小米笔记等几项的更新!,https://cdn.cnbj1.fds.api.mi-img.com/middle.community.vip.bkt/6a576549714eb2da412956ac776d24c5
32861527,103944560,4,MIUI版本更新动态：视频工具箱增加AI字幕（第117期）,https://cdn.cnbj1.fds.api.mi-img.com/middle.community.vip.bkt/392b036fe42ebc0448035cfc157ad60d
32953081,982246921,4,“反馈无用论”是真的吗？&MIUI的参与感,https://cdn.cnbj1.fds.api.mi-img.com/middle.community.vip.bkt/c7618148933162997ed86156f740e9b0
32952216,845436462,3,#用Ultra记录生活,https://cdn.cnbj1.fds.api.mi-img.com/middle.community.vip.bkt/d9009b10876a6c3e859f5151849562d5
32944093,2272860649,4,【小米众测】黑加强势回归！自定义短视频表盘的颜值小方盘~,https://cdn.cnbj1.fds.api.mi-img.com/middle.community.vip.bkt/5c31957594fff78255ea2decdcfcc403
33222604,2293359588,4,TWRP功能与卡刷,https://cdn.cnbj1.fds.api.mi-img.com/middle.community.vip.bkt/fe6b7fafc46e34f2871539c73b03418d
32943328,996846823,4,Z周更新了什么:第72期智能工具箱支持AI字幕＆添加双开应用,https://cdn.cnbj1.fds.api.mi-img.com/middle.community.vip.bkt/2268250975126a8051aaea3fa8f4b286
33221939,956640960,3,,https://cdn.cnbj1.fds.api.mi-img.com/middle.community.vip.bkt/87a2ad7d3226fa583b75b5b9a7c2a0f2?f=webp
32862507,1036062608,4,MIUI 12.5中的好用功能,https://cdn.cnbj1.fds.api.mi-img.com/middle.community.vip.bkt/64a87d639a9656baeddd0d990d95f049
32942718,899815675,4,本次更新了小爱同学、文件管理、小米笔记等几项的更新!,https://cdn.cnbj1.fds.api.mi-img.com/middle.community.vip.bkt/6a576549714eb2da412956ac776d24c5
32861527,103944560,4,MIUI版本更新动态：视频工具箱增加AI字幕（第117期）,https://cdn.cnbj1.fds.api.mi-img.com/middle.community.vip.bkt/392b036fe42ebc0448035cfc157ad60d
32953081,982246921,4,“反馈无用论”是真的吗？&MIUI的参与感,https://cdn.cnbj1.fds.api.mi-img.com/middle.community.vip.bkt/c7618148933162997ed86156f740e9b0
32952216,845436462,3,#用Ultra记录生活,https://cdn.cnbj1.fds.api.mi-img.com/middle.community.vip.bkt/d9009b10876a6c3e859f5151849562d5
33217204,176277616,4,焕醒手动剃须刀，让你爱上手动剃须！,https://cdn.cnbj1.fds.api.mi-img.com/middle.community.vip.bkt/f1b7268dcfd1567aa5c24b823deeb220
32943328,996846823,4,Z周更新了什么:第72期智能工具箱支持AI字幕＆添加双开应用,https://cdn.cnbj1.fds.api.mi-img.com/middle.community.vip.bkt/2268250975126a8051aaea3fa8f4b286
33221939,956640960,3,,https://cdn.cnbj1.fds.api.mi-img.com/middle.community.vip.bkt/87a2ad7d3226fa583b75b5b9a7c2a0f2?f=webp
32862507,1036062608,4,MIUI 12.5中的好用功能,https://cdn.cnbj1.fds.api.mi-img.com/middle.community.vip.bkt/64a87d639a9656baeddd0d990d95f049
32942718,899815675,4,本次更新了小爱同学、文件管理、小米笔记等几项的更新!,https://cdn.cnbj1.fds.api.mi-img.com/middle.community.vip.bkt/6a576549714eb2da412956ac776d24c5
32861527,103944560,4,MIUI版本更新动态：视频工具箱增加AI字幕（第117期）,https://cdn.cnbj1.fds.api.mi-img.com/middle.community.vip.bkt/392b036fe42ebc0448035cfc157ad60d
32953081,982246921,4,“反馈无用论”是真的吗？&MIUI的参与感,https://cdn.cnbj1.fds.api.mi-img.com/middle.community.vip.bkt/c7618148933162997ed86156f740e9b0
32952216,845436462,3,#用Ultra记录生活,https://cdn.cnbj1.fds.api.mi-img.com/middle.community.vip.bkt/d9009b10876a6c3e859f5151849562d5
33217204,176277616,4,焕醒手动剃须刀，让你爱上手动剃须！,https://cdn.cnbj1.fds.api.mi-img.com/middle.community.vip.bkt/f1b7268dcfd1567aa5c24b823deeb220
32349540,156593539,4,6麦降噪 魔浪HiFiPods圈铁真无线蓝牙耳机,https://cdn.cnbj1.fds.api.mi-img.com/middle.community.vip.bkt/a768469def70930843e198e780b3f401
32951246,1170190135,4,MIUI功能大集合—基础篇（上）,https://cdn.cnbj1.fds.api.mi-img.com/middle.community.vip.bkt/922ead15eccb6c401b3c08307cc2c7a5
32862507,1036062608,4,MIUI 12.5中的好用功能,https://cdn.cnbj1.fds.api.mi-img.com/middle.community.vip.bkt/64a87d639a9656baeddd0d990d95f049
32942718,899815675,4,本次更新了小爱同学、文件管理、小米笔记等几项的更新!,https://cdn.cnbj1.fds.api.mi-img.com/middle.community.vip.bkt/6a576549714eb2da412956ac776d24c5
32861527,103944560,4,MIUI版本更新动态：视频工具箱增加AI字幕（第117期）,https://cdn.cnbj1.fds.api.mi-img.com/middle.community.vip.bkt/392b036fe42ebc0448035cfc157ad60d
32953081,982246921,4,“反馈无用论”是真的吗？&MIUI的参与感,https://cdn.cnbj1.fds.api.mi-img.com/middle.community.vip.bkt/c7618148933162997ed86156f740e9b0
32952216,845436462,3,#用Ultra记录生活,https://cdn.cnbj1.fds.api.mi-img.com/middle.community.vip.bkt/d9009b10876a6c3e859f5151849562d5
33217204,176277616,4,焕醒手动剃须刀，让你爱上手动剃须！,https://cdn.cnbj1.fds.api.mi-img.com/middle.community.vip.bkt/f1b7268dcfd1567aa5c24b823deeb220
32349540,156593539,4,6麦降噪 魔浪HiFiPods圈铁真无线蓝牙耳机,https://cdn.cnbj1.fds.api.mi-img.com/middle.community.vip.bkt/a768469def70930843e198e780b3f401
32951246,1170190135,4,MIUI功能大集合—基础篇（上）,https://cdn.cnbj1.fds.api.mi-img.com/middle.community.vip.bkt/922ead15eccb6c401b3c08307cc2c7a5
32939293,72487049,3,,https://cdn.cnbj1.fds.api.mi-img.com/middle.community.vip.bkt/b673466faff1ef6b64d0aad27cbfd338
32861527,103944560,4,MIUI版本更新动态：视频工具箱增加AI字幕（第117期）,https://cdn.cnbj1.fds.api.mi-img.com/middle.community.vip.bkt/392b036fe42ebc0448035cfc157ad60d
32953081,982246921,4,“反馈无用论”是真的吗？&MIUI的参与感,https://cdn.cnbj1.fds.api.mi-img.com/middle.community.vip.bkt/c7618148933162997ed86156f740e9b0
32952216,845436462,3,#用Ultra记录生活,https://cdn.cnbj1.fds.api.mi-img.com/middle.community.vip.bkt/d9009b10876a6c3e859f5151849562d5
33217204,176277616,4,焕醒手动剃须刀，让你爱上手动剃须！,https://cdn.cnbj1.fds.api.mi-img.com/middle.community.vip.bkt/f1b7268dcfd1567aa5c24b823deeb220
32349540,156593539,4,6麦降噪 魔浪HiFiPods圈铁真无线蓝牙耳机,https://cdn.cnbj1.fds.api.mi-img.com/middle.community.vip.bkt/a768469def70930843e198e780b3f401
32951246,1170190135,4,MIUI功能大集合—基础篇（上）,https://cdn.cnbj1.fds.api.mi-img.com/middle.community.vip.bkt/922ead15eccb6c401b3c08307cc2c7a5
32939293,72487049,3,,https://cdn.cnbj1.fds.api.mi-img.com/middle.community.vip.bkt/b673466faff1ef6b64d0aad27cbfd338
33216994,2409274096,3,,https://cdn.cnbj1.fds.api.mi-img.com/middle.community.vip.bkt/1d56abba02f48cde382ccb7211a83353?f=webp
32857837,1309216016,3,长焦拍摄,https://cdn.cnbj1.fds.api.mi-img.com/middle.community.vip.bkt/4c2fdfe05106f3c53760f53361b968fd
32348845,1298468726,3,,https://cdn.cnbj1.fds.api.mi-img.com/middle.community.vip.bkt/2e4db32a77a13b91d842764df51a80b5
33221939,956640960,3,,https://cdn.cnbj1.fds.api.mi-img.com/middle.community.vip.bkt/87a2ad7d3226fa583b75b5b9a7c2a0f2?f=webp
32862507,1036062608,4,MIUI 12.5中的好用功能,https://cdn.cnbj1.fds.api.mi-img.com/middle.community.vip.bkt/64a87d639a9656baeddd0d990d95f049
32942718,899815675,4,本次更新了小爱同学、文件管理、小米笔记等几项的更新!,https://cdn.cnbj1.fds.api.mi-img.com/middle.community.vip.bkt/6a576549714eb2da412956ac776d24c5
32861527,103944560,4,MIUI版本更新动态：视频工具箱增加AI字幕（第117期）,https://cdn.cnbj1.fds.api.mi-img.com/middle.community.vip.bkt/392b036fe42ebc0448035cfc157ad60d
32953081,982246921,4,“反馈无用论”是真的吗？&MIUI的参与感,https://cdn.cnbj1.fds.api.mi-img.com/middle.community.vip.bkt/c7618148933162997ed86156f740e9b0
32952216,845436462,3,#用Ultra记录生活,https://cdn.cnbj1.fds.api.mi-img.com/middle.community.vip.bkt/d9009b10876a6c3e859f5151849562d5
33217204,176277616,4,焕醒手动剃须刀，让你爱上手动剃须！,https://cdn.cnbj1.fds.api.mi-img.com/middle.community.vip.bkt/f1b7268dcfd1567aa5c24b823deeb220
32349540,156593539,4,6麦降噪 魔浪HiFiPods圈铁真无线蓝牙耳机,https://cdn.cnbj1.fds.api.mi-img.com/middle.community.vip.bkt/a768469def70930843e198e780b3f401
32951246,1170190135,4,MIUI功能大集合—基础篇（上）,https://cdn.cnbj1.fds.api.mi-img.com/middle.community.vip.bkt/922ead15eccb6c401b3c08307cc2c7a5
32939293,72487049,3,,https://cdn.cnbj1.fds.api.mi-img.com/middle.community.vip.bkt/b673466faff1ef6b64d0aad27cbfd338
32942718,899815675,4,本次更新了小爱同学、文件管理、小米笔记等几项的更新!,https://cdn.cnbj1.fds.api.mi-img.com/middle.community.vip.bkt/6a576549714eb2da412956ac776d24c5
32861527,103944560,4,MIUI版本更新动态：视频工具箱增加AI字幕（第117期）,https://cdn.cnbj1.fds.api.mi-img.com/middle.community.vip.bkt/392b036fe42ebc0448035cfc157ad60d
32953081,982246921,4,“反馈无用论”是真的吗？&MIUI的参与感,https://cdn.cnbj1.fds.api.mi-img.com/middle.community.vip.bkt/c7618148933162997ed86156f740e9b0
32952216,845436462,3,#用Ultra记录生活,https://cdn.cnbj1.fds.api.mi-img.com/middle.community.vip.bkt/d9009b10876a6c3e859f5151849562d5
33217204,176277616,4,焕醒手动剃须刀，让你爱上手动剃须！,https://cdn.cnbj1.fds.api.mi-img.com/middle.community.vip.bkt/f1b7268dcfd1567aa5c24b823deeb220
32349540,156593539,4,6麦降噪 魔浪HiFiPods圈铁真无线蓝牙耳机,https://cdn.cnbj1.fds.api.mi-img.com/middle.community.vip.bkt/a768469def70930843e198e780b3f401
32951246,1170190135,4,MIUI功能大集合—基础篇（上）,https://cdn.cnbj1.fds.api.mi-img.com/middle.community.vip.bkt/922ead15eccb6c401b3c08307cc2c7a5
32939293,72487049,3,,https://cdn.cnbj1.fds.api.mi-img.com/middle.community.vip.bkt/b673466faff1ef6b64d0aad27cbfd338
33216994,2409274096,3,,https://cdn.cnbj1.fds.api.mi-img.com/middle.community.vip.bkt/1d56abba02f48cde382ccb7211a83353?f=webp
32857837,1309216016,3,长焦拍摄,https://cdn.cnbj1.fds.api.mi-img.com/middle.community.vip.bkt/4c2fdfe05106f3c53760f53361b968fd
id,userid,type,title,picUrl
32964888,29887529,4,小米众测上新——碳板跑鞋即将普,https://cdn.cnbj1.fds.api.mi-img.com/middle.community.vip.bkt/930e10329f4d43ff2884ebf265e985dc?f=webp
32979001,2275491290,4,年轻人的第一把客制化键盘,https://cdn.cnbj1.fds.api.mi-img.com/middle.community.vip.bkt/42bbc17dc61067b17135b54dbfd16736
32882752,163676670,4,Redmi Note 11 Pro：好看又能打的千元手机,https://cdn.cnbj1.fds.api.mi-img.com/middle.community.vip.bkt/2d34805191d4077ddd31ea9f6eb177a5
33245199,1405395857,3,,https://cdn.cnbj1.fds.api.mi-img.com/middle.community.vip.bkt/17ba568c91a4f793c2e423a07bab6961
32962338,1200057304,3,,https://cdn.cnbj1.fds.api.mi-img.com/middle.community.vip.bkt/d8d114547db3f965e81142246c46d6e9
33242029,36196930,4,冷月谈——MIUI系统进阶及技巧,https://cdn.cnbj1.fds.api.mi-img.com/middle.community.vip.bkt/9ce5769bc4681a5ab58846512eaf3398
33241514,11128687,4,【产品评测】随叫随到的温暖，智米智能GR-H电暖器体验,https://cdn.cnbj1.fds.api.mi-img.com/middle.community.vip.bkt/4a94af7567a7c3fc64785a7e82927795
33240454,1514722886,3,,https://cdn.cnbj1.fds.api.mi-img.com/middle.community.vip.bkt/744dc966fba1f3285514b0f6a6bb0638
32964888,29887529,4,小米众测上新——碳板跑鞋即将普,https://cdn.cnbj1.fds.api.mi-img.com/middle.community.vip.bkt/930e10329f4d43ff2884ebf265e985dc?f=webp
32979001,2275491290,4,年轻人的第一把客制化键盘,https://cdn.cnbj1.fds.api.mi-img.com/middle.community.vip.bkt/42bbc17dc61067b17135b54dbfd16736
32964888,29887529,4,小米众测上新——碳板跑鞋即将普,https://cdn.cnbj1.fds.api.mi-img.com/middle.community.vip.bkt/930e10329f4d43ff2884ebf265e985dc?f=webp
32882752,163676670,4,Redmi Note 11 Pro：好看又能打的千元手机,https://cdn.cnbj1.fds.api.mi-img.com/middle.community.vip.bkt/2d34805191d4077ddd31ea9f6eb177a5
32979001,2275491290,4,年轻人的第一把客制化键盘,https://cdn.cnbj1.fds.api.mi-img.com/middle.community.vip.bkt/42bbc17dc61067b17135b54dbfd16736
33245199,1405395857,3,,https://cdn.cnbj1.fds.api.mi-img.com/middle.community.vip.bkt/17ba568c91a4f793c2e423a07bab6961
32882752,163676670,4,Redmi Note 11 Pro：好看又能打的千元手机,https://cdn.cnbj1.fds.api.mi-img.com/middle.community.vip.bkt/2d34805191d4077ddd31ea9f6eb177a5
33245199,1405395857,3,,https://cdn.cnbj1.fds.api.mi-img.com/middle.community.vip.bkt/17ba568c91a4f793c2e423a07bab6961
32962338,1200057304,3,,https://cdn.cnbj1.fds.api.mi-img.com/middle.community.vip.bkt/d8d114547db3f965e81142246c46d6e9
33242029,36196930,4,冷月谈——MIUI系统进阶及技巧,https://cdn.cnbj1.fds.api.mi-img.com/middle.community.vip.bkt/9ce5769bc4681a5ab58846512eaf3398
32962338,1200057304,3,,https://cdn.cnbj1.fds.api.mi-img.com/middle.community.vip.bkt/d8d114547db3f965e81142246c46d6e9
33241514,11128687,4,【产品评测】随叫随到的温暖，智米智能GR-H电暖器体验,https://cdn.cnbj1.fds.api.mi-img.com/middle.community.vip.bkt/4a94af7567a7c3fc64785a7e82927795
33242029,36196930,4,冷月谈——MIUI系统进阶及技巧,https://cdn.cnbj1.fds.api.mi-img.com/middle.community.vip.bkt/9ce5769bc4681a5ab58846512eaf3398
33240454,1514722886,3,,https://cdn.cnbj1.fds.api.mi-img.com/middle.community.vip.bkt/744dc966fba1f3285514b0f6a6bb0638
32979001,2275491290,4,年轻人的第一把客制化键盘,https://cdn.cnbj1.fds.api.mi-img.com/middle.community.vip.bkt/42bbc17dc61067b17135b54dbfd16736
32882752,163676670,4,Redmi Note 11 Pro：好看又能打的千元手机,https://cdn.cnbj1.fds.api.mi-img.com/middle.community.vip.bkt/2d34805191d4077ddd31ea9f6eb177a5
33245199,1405395857,3,,https://cdn.cnbj1.fds.api.mi-img.com/middle.community.vip.bkt/17ba568c91a4f793c2e423a07bab6961
32962338,1200057304,3,,https://cdn.cnbj1.fds.api.mi-img.com/middle.community.vip.bkt/d8d114547db3f965e81142246c46d6e9
33242029,36196930,4,冷月谈——MIUI系统进阶及技巧,https://cdn.cnbj1.fds.api.mi-img.com/middle.community.vip.bkt/9ce5769bc4681a5ab58846512eaf3398
33241514,11128687,4,【产品评测】随叫随到的温暖，智米智能GR-H电暖器体验,https://cdn.cnbj1.fds.api.mi-img.com/middle.community.vip.bkt/4a94af7567a7c3fc64785a7e82927795
33240454,1514722886,3,,https://cdn.cnbj1.fds.api.mi-img.com/middle.community.vip.bkt/744dc966fba1f3285514b0f6a6bb0638
32882752,163676670,4,Redmi Note 11 Pro：好看又能打的千元手机,https://cdn.cnbj1.fds.api.mi-img.com/middle.community.vip.bkt/2d34805191d4077ddd31ea9f6eb177a5
33245199,1405395857,3,,https://cdn.cnbj1.fds.api.mi-img.com/middle.community.vip.bkt/17ba568c91a4f793c2e423a07bab6961
33245199,1405395857,3,,https://cdn.cnbj1.fds.api.mi-img.com/middle.community.vip.bkt/17ba568c91a4f793c2e423a07bab6961
32962338,1200057304,3,,https://cdn.cnbj1.fds.api.mi-img.com/middle.community.vip.bkt/d8d114547db3f965e81142246c46d6e9
33242029,36196930,4,冷月谈——MIUI系统进阶及技巧,https://cdn.cnbj1.fds.api.mi-img.com/middle.community.vip.bkt/9ce5769bc4681a5ab58846512eaf3398
33241514,11128687,4,【产品评测】随叫随到的温暖，智米智能GR-H电暖器体验,https://cdn.cnbj1.fds.api.mi-img.com/middle.community.vip.bkt/4a94af7567a7c3fc64785a7e82927795
33240454,1514722886,3,,https://cdn.cnbj1.fds.api.mi-img.com/middle.community.vip.bkt/744dc966fba1f3285514b0f6a6bb0638
32364340,2293359588,4,刷机时会出现的问题,https://cdn.cnbj1.fds.api.mi-img.com/middle.community.vip.bkt/a33808058983d1894044aa309da3bd24
32968541,3898113,3,,https://cdn.cnbj1.fds.api.mi-img.com/middle.community.vip.bkt/19ed8c99ad5ee80862597f37a0fa08e4
32962338,1200057304,3,,https://cdn.cnbj1.fds.api.mi-img.com/middle.community.vip.bkt/d8d114547db3f965e81142246c46d6e9
33242029,36196930,4,冷月谈——MIUI系统进阶及技巧,https://cdn.cnbj1.fds.api.mi-img.com/middle.community.vip.bkt/9ce5769bc4681a5ab58846512eaf3398
33241514,11128687,4,【产品评测】随叫随到的温暖，智米智能GR-H电暖器体验,https://cdn.cnbj1.fds.api.mi-img.com/middle.community.vip.bkt/4a94af7567a7c3fc64785a7e82927795
33240454,1514722886,3,,https://cdn.cnbj1.fds.api.mi-img.com/middle.community.vip.bkt/744dc966fba1f3285514b0f6a6bb0638
32364340,2293359588,4,刷机时会出现的问题,https://cdn.cnbj1.fds.api.mi-img.com/middle.community.vip.bkt/a33808058983d1894044aa309da3bd24
32968541,3898113,3,,https://cdn.cnbj1.fds.api.mi-img.com/middle.community.vip.bkt/19ed8c99ad5ee80862597f37a0fa08e4
32968086,3898113,4,文旅小镇|小米9,https://cdn.cnbj1.fds.api.mi-img.com/middle.community.vip.bkt/e03c8c8aacb75a4c3ef30a04887bbf09
32871852,2240388070,3,,https://cdn.cnbj1.fds.api.mi-img.com/middle.community.vip.bkt/4f87b80b771301999fe5f6c63b2d41d0
32361870,75701887,4,【小米众测】让孩子爱上思考，秦岭四宝编程积木机器人测评,https://cdn.cnbj1.fds.api.mi-img.com/middle.community.vip.bkt/e0e034a9548e86e870662b713266e45c
33242029,36196930,4,冷月谈——MIUI系统进阶及技巧,https://cdn.cnbj1.fds.api.mi-img.com/middle.community.vip.bkt/9ce5769bc4681a5ab58846512eaf3398
33241514,11128687,4,【产品评测】随叫随到的温暖，智米智能GR-H电暖器体验,https://cdn.cnbj1.fds.api.mi-img.com/middle.community.vip.bkt/4a94af7567a7c3fc64785a7e82927795
33240454,1514722886,3,,https://cdn.cnbj1.fds.api.mi-img.com/middle.community.vip.bkt/744dc966fba1f3285514b0f6a6bb0638
32364340,2293359588,4,刷机时会出现的问题,https://cdn.cnbj1.fds.api.mi-img.com/middle.community.vip.bkt/a33808058983d1894044aa309da3bd24
32968541,3898113,3,,https://cdn.cnbj1.fds.api.mi-img.com/middle.community.vip.bkt/19ed8c99ad5ee80862597f37a0fa08e4
32968086,3898113,4,文旅小镇|小米9,https://cdn.cnbj1.fds.api.mi-img.com/middle.community.vip.bkt/e03c8c8aacb75a4c3ef30a04887bbf09
32871852,2240388070,3,,https://cdn.cnbj1.fds.api.mi-img.com/middle.community.vip.bkt/4f87b80b771301999fe5f6c63b2d41d0
32361870,75701887,4,【小米众测】让孩子爱上思考，秦岭四宝编程积木机器人测评,https://cdn.cnbj1.fds.api.mi-img.com/middle.community.vip.bkt/e0e034a9548e86e870662b713266e45c
32871032,52043628,3,,https://cdn.cnbj1.fds.api.mi-img.com/middle.community.vip.bkt/184e8088c183314533a7b53302640854
